department,service,count
Code Compliance,Code Concern,703947
Sanitation,Sanitation Roll Cart Maintenance/Delivery,231422
Transportation and Public Works,Parking - Report a Violation,181386
Sanitation,Sanitation Missed Garbage,118243
311 Customer Service Center,Water/Wastewater Line Locate - 311,103446
Dallas Animal Services,Animal Loose,88739
Dallas Animal Services,Animal Lack of Care,79940
Sanitation,Dead Animal Pick Up,79402
311 Customer Service Center,Complaint/Compliment - 311,68201
Sanitation,Sanitation Missed Recycle,62767
Dallas Animal Services,Animal Aggressive Behavior,62432
Office of Emergency Management and Crisis Response,Homeless Encampment,53112
Transportation and Public Works,Street Repair - Routine,31810
Transportation and Public Works,Pot Hole - Routine,28166
Dallas Animal Services,Animal Confined,25613
311 Customer Service Center,Miscellaneous Service Request - 311,25018
Transportation and Public Works,Traffic Signal - Flashing,23849
Sanitation,Sanitation Missed Brush/Bulk,23159
Dallas Animal Services,Animal Nuisance,23001
Transportation and Public Works,Alley/Sidewalk/Street Repair - Hazardous,22212
Transportation and Public Works,Traffic Sign - Maintenance (Other),22144
Code Compliance,Single Family Rental Needs Registration,22017
Parks Department,Park Maintenance/Misc,21389
Transportation and Public Works,Tree Down/Low Limbs,19570
Police Department,Chronic Noise Complaint,19068
Police Department,Extra Police Patrol,18029
Water Utilities,Storm Sewer Line Locate,16266
Sanitation,Sanitation Annual 20 Cubic Yard Exemption,15358
Police Department,24 Hour Parking Violation,15260
Transportation and Public Works,Pot Hole - Hazardous,14512
Transportation and Public Works,Traffic Signal - Other Dispatch,14159
Planning & Development Department,Construction Site Complaint,12940
Dallas Animal Services,Animal Community Cat Program,12172
Transportation and Public Works,Traffic Signal - Bulb Out/NonConflict Hd Trn VO,11873
Transportation and Public Works,Alley Repair - Routine,11799
Dallas Animal Services,Animal Owner Surrender,11599
Sanitation,Sanitation Same Day Missed Collection,10529
Transportation and Public Works,Street Spillage/Debris in Right of Way - Hazardous,10519
Code Compliance,Consumer Protection Complaint,10154
Dallas Animal Services,Animal Bite,9752
Transportation and Public Works,Traffic Sign - New,9429
Transportation and Public Works,Median/Right of Way Maintenance,9257
Transportation and Public Works,Traffic Sign - Knockdown,8496
Transportation and Public Works,Street Lighting - Maintenance,8090
Sanitation,Sanitation Commercial Services,7520
Police Department,Traffic Violations (Chronic),7265
Transportation and Public Works,Traffic - Speed Control,7183
Water Utilities,Inlet/Storm Drain Cleaning,7177
Transportation and Public Works,Traffic Signal - Timing,7086
Sanitation,Sanitation Property Damage,6377
Police Department,Panhandling,6229
Transportation and Public Works,Traffic Signal - All Out,6099
Police Department,Narcotics/Vice Complaint,5872
Office of Budget,Utility Complaint/Information,5813
Transportation and Public Works,Clean Sweep Litter Removal,5793
Transportation and Public Works,Construction Right of Way/Status,5612
Transportation and Public Works,Traffic Markings - Maintenance,5608
Police Department,Criminal Activities,5578
Dallas Animal Services,Animal Wildlife,5546
Transportation and Public Works,Traffic Signal - School Flasher Maintenance,5329
Water Utilities,Water Main Leak/Break,5271
Sanitation,Sanitation District Billing Dispute,5137
Transportation and Public Works,Shopping Cart Routine Pickup,5063
311 Customer Service Center,Water Questions - 311,4924
Transportation and Public Works,Street/Road Blockage,4841
Transportation and Public Works,Sidewalk Replacement Program,4736
Water Utilities,Creek/Culvert Maintenance,4552
Transportation and Public Works,Scooter/Bike Shared Dockless Vehicle,4423
Dallas Fire Rescue,Smoke Detector Request,4249
Code Compliance,Restaurant/Food Complaint,3887
Transportation and Public Works,Lid Cover Broken/Missing - Hazardous,3831
Transportation and Public Works,Drainage Ditch Cleaning/Repairs,3581
Planning & Development Department,Building Permits Violation,3550
Code Compliance,ICR Consumer Protection Complaint,3389
Transportation and Public Works,Graffiti City Streets & Bridges,3090
Transportation and Public Works,New Street/Sidewalk/Alley,2948
Sanitation,Sanitation Cost-Plus,2872
Water Utilities,Sewer Problems,2688
Transportation and Public Works,Shopping Carts,2603
Transportation and Public Works,Traffic - Construction Signs,2528
Transportation and Public Works,Visibility Obstruction,2469
Water Utilities,Storm Drainage/Flooding Complaint,2449
Transportation and Public Works,Lid Cover Broken - Routine,2438
Transportation and Public Works,Barricades - Pickup/Reset/Replace,2431
Water Utilities,Creek/Culvert Blockage,2403
Transportation and Public Works,Traffic Signal - Head Turn (Conflicting),2294
Transportation and Public Works,Utility Cut/Routine,2282
Dallas Animal Services,Animal Loose Cat,2260
Transportation and Public Works,Traffic Markings - New,2071
Transportation and Public Works,Traffic Signal - New,2028
Police Department,Handicap Parking Violation,1940
Water Utilities,Inlet/Storm Drain Stopped Up - Hazardous,1913
Police Department,Fireworks,1839
Transportation and Public Works,Street Lighting- New/Relocation,1834
Sanitation,Sanitation Helping Hands,1756
Transportation and Public Works,Traffic Signal - Knockdown,1637
Transportation and Public Works,Street/Road/Driveway Blockage,1616
Office of Housing and Community Empowerment,Fair Housing Complaint,1604
Transportation and Public Works,Flooding - Emergency,1560
Transportation and Public Works,Graffiti Traffic Signal,1433
Transportation and Public Works,Objects Dropped in Inlet - Hazardous,1430
Code Compliance,Mobile Food Complaint,1394
Dallas Fire Rescue,Parking in Fire Lane/ Fire Hydrants,1388
Environmental Quality,Air Pollution Complaint,1375
Transportation and Public Works,Traffic Signal - Stuck,1328
Office of Housing and Community Empowerment,Housing & Neighborhood Revitalization,1322
Code Compliance,Emergency Regulations Violation,1288
Code Compliance,Boarding Home Complaint,1264
311 Customer Service Center,311 Event Request - 311,1232
Water Utilities,Chemical Spill Urgent,1210
Transportation and Public Works,Steel Plates in Street,1147
Transportation and Public Works,Snow/Ice Sanding - Hazardous,1134
311 Customer Service Center,Water Payments & Billing Inquiry - 311,1127
Code Compliance,Illegal Dumping Sign,1118
Code Compliance,Mosquito - Do Not Spray,1095
Water Utilities,Water Utilities Payment Plan Request,1071
Transportation and Public Works,Wheel Chair Ramp/Curb Cuts,1045
Sanitation,Sanitation Litter Cans,1000
Transportation and Public Works,Street Sweeping - Thoroughfares,990
Code Compliance,Food Borne Illness,949
Transportation and Public Works,Graffiti Traffic Sign,941
Office of Housing and Community Empowerment,ADA Accessibility Concerns,939
Water Utilities,Creek Bank Erosion,933
Transportation and Public Works,Guardrail Repair - Routine,926
Office of Emergency Management and Crisis Response,Inclement Weather Shelter Transportation,895
Transportation and Public Works,Clean Sweep,853
City Attorney's Office,Landlord Retaliation After Reported Code Violation,833
Transportation and Public Works,Visibility Obstruction - Hazardous,827
Facilities and Real Estate Management,City Property Management/ Real Estate,778
Dallas Fire Rescue,Fire Inspection,750
Planning & Development Department,Landscaping Violation (Arborist),737
Sanitation,Sanitation Commercial Roll Cart Services,733
Transportation and Public Works,Sidewalk Utility Obstruction,732
Transportation and Public Works,Traffic Sign - Visibility Obstruction,728
Transportation and Public Works,Paving Street Resurface Program,662
Transportation and Public Works,High Water Flooded Roadway Alarm Warning System,611
Transportation and Public Works,Towing Complaint,605
Water Utilities,Illegal Dumping Urgent,596
Water Utilities,Storm Water Construction Site Urgent,588
Transportation and Public Works,Paving Reconstruction Project,540
Municipal Court & Detention Services,School Crossing Guard,538
Water Utilities,Water Pollution Urgent,536
Transportation and Public Works,Traffic Sign - Other Dispatch,531
Transportation and Public Works,Traffic Signals and Lighting - Line Locate,510
Planning & Development Department,Historic District Violation,508
Code Compliance,Short Term/Vacation Rental Survey,495
Transportation and Public Works,Traffic Signal - Visibility Obstruction,486
311 Customer Service Center,City Hall on the Go Request - 311,466
Library,Library Concerns,459
Transportation and Public Works,Utility Cut/Hazardous,456
Transportation and Public Works,Parking - Valet Complaint,442
Planning & Development Department,Historic/Conservation District Violation,419
Office of Emergency Management and Crisis Response,Social Services Request,415
Transportation and Public Works,Railroad Crossing Repair,412
Risk Management,Risk Management Claim Form Request,384
Environmental Quality,Yard Waste,378
Transportation and Public Works,Guardrail Repair - Hazardous,369
Dallas Fire Rescue,Lock/Unlock Knox Lock or Box,366
Code Compliance,Homeless Meal Event,350
Code Compliance,Boarding Home Facilities,348
Transportation and Public Works,Resident Only Parking Permit,315
Planning & Development Department,Conservation District Violation,307
Sanitation,Sanitation Pack Out/Helping Hands,288
Transportation and Public Works,Guardrail - New,288
Water Utilities,Floodplain/Stormwater Project Inquiry,271
Transportation and Public Works,Transportation Complaint,258
Dallas Fire Rescue,Educational Request,252
Planning & Development Department,Illegal Removal of Protected Tree,249
Water Utilities,Swimming Pool Discharge Urgent,241
Water Utilities,Water/Sanitary Sewer Construction Project,219
Transportation and Public Works,Speed Limit Change Request,217
Water Utilities,Flooded Roadway Warning System,216
Transportation and Public Works,Bike Lane Marking Maintenance,214
Dallas Fire Rescue,Locked/Blocked Exit,205
Dallas Animal Services,Animal Illegal Vending,198
Water Utilities,Sewage Discharge,186
Code Compliance,Smoking Violation,178
City Auditor,Waste/Fraud/Abuse,170
Water Utilities,Sewage Discharge Urgent,167
Water Utilities,Trinity River Levee Maintenance/Mowing,152
Code Compliance,Street Feeding/Homeless Meal,147
Dallas Fire Rescue,Occupancy Load Violation,143
Water Utilities,Storm Water Industrial Site Urgent,139
Transportation and Public Works,Road Hump/Speed Bump Request,132
Water Utilities,Floodplain Project Inquiry,130
Transportation and Public Works,Sand Removal Request,126
Code Compliance,Unsheltered Feeding,123
Transportation and Public Works,Interagency,119
Code Compliance,Mosquito - Beekeeper Notification,118
Convention and Event Services,Special Events Permit Request,101
Transportation and Public Works,Alley Rumble Strips New,97
Municipal Court & Detention Services,Motor Vehicle Idling,97
Transportation and Public Works,Survey Questions,95
Office Bond and Construction Management,Bond Program Projects,94
Planning & Development Department,Private Development Coordination,75
Transportation and Public Works,Pay Lot Booting,73
Transportation and Public Works,Bike Paths/Routes,66
Dallas Fire Rescue,Illegal Spray Painting,63
Transportation and Public Works,Fair Park Parking Violation,63
Transportation and Public Works,Mobility Planning,52
Code Compliance,Commercial Pool Complaint,52
Sanitation,Sanitation Pack-Out,49
Sanitation,Streets Referral Pickup,38
Transportation and Public Works,MOWmentum Program,35
Office of Community Services,Community Care Services,34
Code Compliance,Community Prosecution,33
Transportation and Public Works,Traffic Markings - Large Cast Iron Button Removal,31
Parks Department,Park Emergency Regulations Violation,26
Water Utilities,Emerald Ash Borer Information Request,18
Convention and Event Services,Special Events Non-Permitted Activity Complaint,17
Code Compliance,code concern,16
Transportation and Public Works,Traffic - Street Closure,15
311 Customer Service Center,Test SR,9
Code Compliance,Single Family Needs Registration,7
Office of Emergency Management and Crisis Response,Social Services Rquest,6
Parks Department,Test SR,6
Transportation and Public Works,Scooter Share,6
Transportation and Public Works,Test SR,5
Code Compliance,Code Concern - CCS,4
311 Customer Service Center,Test,3
Code Compliance,Test SR,3
Code Compliance,Single Family Registration,2
Code Compliance,Construction Right of Way/Status,2
Code Compliance,Homeless Encampment,2
Transportation and Public Works,Traffic Markings - Broken Traffic Button,2
Sanitation,Test SR,2
311 Customer Service Center,***No Score***,2
311 Customer Service Center,test sr,2
311 Customer Service Center,***no score***,1
311 Customer Service Center,Test Sr,1
Code Compliance,24 hr parking,1
311 Customer Service Center,Code Concern,1
Planning & Development Department,Test SR,1
311 Customer Service Center,***No violation ****,1
Code Compliance,Building Permit Violation,1
311 Customer Service Center,***No score*****,1
Water Utilities,SRD,1
Code Compliance,CCS,1
Code Compliance,Code Compliance,1
Transportation and Public Works,test sr,1
311 Customer Service Center,***No score***,1
311 Customer Service Center,***No Score*******,1
Dallas Fire Rescue,Night Detail: Parking in Fire Lane/ Fire Hydrants,1
Code Compliance,Multi-Family,1
Transportation and Public Works,blocked Drive - duplicate,1
Code Compliance,Code concern,1
Dallas Animal Services,Animal confined,1
Code Compliance,single family rental needs registration,1
Code Compliance,single family needs registration,1
Office of Emergency Management and Crisis Response,Test SR,1
Transportation and Public Works,TREE DOWN,1
Code Compliance,mosquitoes investigation,1
Code Compliance,illegal dumping abatement,1
Code Compliance,illegal dump abatement,1
Code Compliance,community prosecution,1
Code Compliance,code conern,1
Transportation and Public Works,Bike Share,1
Code Compliance,Traffic Signal - Other Dispatch,1
Office of Housing and Community Empowerment,TESTCRM,1
Code Compliance,Single Family need registration,1
Code Compliance,Single Family Rental Inspection,1
Code Compliance,Single Family Need Registration,1
Code Compliance,Report a parking violation,1
Code Compliance,Pool Complaint,1
Code Compliance,Neighborhood Code Tracking,1
Code Compliance,Multi-Tenant Pool Inspection,1
Environmental Quality,Test SR,1
Code Compliance,HEAVY CLEAN,1
Code Compliance,Consumer Health,1
311 Customer Service Center,*****no score ****,1
